{"cameraMode":{"drawMode":0,"name":"Shaded","section":"Shading Mode"},"sceneLighting":false,"audioPlay":false,"sceneViewState":{"m_AlwaysRefresh":false,"showFog":true,"showSkybox":false,"showFlares":true,"showImageEffects":true,"showParticleSystems":true,"showVisualEffectGraphs":true,"m_FxEnabled":true},"in2DMode":false,"pivot":{"x":-0.03019428253173828,"y":0.3997102975845337,"z":27.178770065307618},"rotation":{"x":0.02647022344172001,"y":-0.7076705694198608,"z":0.026550285518169404,"w":0.7055507302284241},"size":1.901281714439392,"orthographic":false}