{"cameraMode":{"drawMode":0,"name":"Shaded","section":"Shading Mode"},"sceneLighting":true,"audioPlay":false,"sceneViewState":{"m_AlwaysRefresh":false,"showFog":true,"showSkybox":true,"showFlares":true,"showImageEffects":true,"showParticleSystems":true,"showVisualEffectGraphs":true,"m_FxEnabled":true},"in2DMode":false,"pivot":{"x":-112.55980682373047,"y":143.7306365966797,"z":150.08639526367188},"rotation":{"x":-0.0402371771633625,"y":-0.9455897212028503,"z":0.12843546271324159,"w":-0.29624125361442568},"size":15.341096878051758,"orthographic":false}