{"cameraMode":{"drawMode":0,"name":"Shaded","section":"Shading Mode"},"sceneLighting":true,"audioPlay":false,"sceneViewState":{"m_AlwaysRefresh":false,"showFog":true,"showSkybox":true,"showFlares":true,"showImageEffects":true,"showParticleSystems":true,"showVisualEffectGraphs":true,"m_FxEnabled":true},"in2DMode":false,"pivot":{"x":-6.345038414001465,"y":-18.594282150268556,"z":83.79261779785156},"rotation":{"x":0.10464610159397125,"y":-0.055166590958833697,"z":0.0058149355463683609,"w":0.9929691553115845},"size":60.72889709472656,"orthographic":false}