{"cameraMode":{"drawMode":0,"name":"Shaded","section":"Shading Mode"},"sceneLighting":true,"audioPlay":false,"sceneViewState":{"m_AlwaysRefresh":false,"showFog":true,"showSkybox":true,"showFlares":true,"showImageEffects":true,"showParticleSystems":true,"showVisualEffectGraphs":true,"m_FxEnabled":true},"in2DMode":false,"pivot":{"x":-123.63394927978516,"y":151.0084686279297,"z":159.95790100097657},"rotation":{"x":-0.02873084507882595,"y":-0.6756349802017212,"z":0.026359660550951959,"w":-0.7362253665924072},"size":3.224821090698242,"orthographic":true}