{"cameraMode":{"drawMode":0,"name":"Shaded","section":"Shading Mode"},"sceneLighting":true,"audioPlay":false,"sceneViewState":{"m_AlwaysRefresh":false,"showFog":true,"showSkybox":true,"showFlares":true,"showImageEffects":true,"showParticleSystems":true,"showVisualEffectGraphs":true,"m_FxEnabled":true},"in2DMode":false,"pivot":{"x":-70.52596282958985,"y":148.97886657714845,"z":150.1614227294922},"rotation":{"x":-0.013608562760055066,"y":-0.42054101824760439,"z":0.006308276671916246,"w":-0.9071539044380188},"size":7.452877044677734,"orthographic":false}