{"cameraMode":{"drawMode":0,"name":"Shaded","section":"Shading Mode"},"sceneLighting":true,"audioPlay":false,"sceneViewState":{"m_AlwaysRefresh":false,"showFog":true,"showSkybox":true,"showFlares":true,"showImageEffects":true,"showParticleSystems":true,"showVisualEffectGraphs":true,"m_FxEnabled":true},"in2DMode":false,"pivot":{"x":-77.1246109008789,"y":26.277992248535158,"z":41.036224365234378},"rotation":{"x":0.05992846563458443,"y":0.034431204199790958,"z":-0.002068383153527975,"w":0.9976063370704651},"size":46.78745651245117,"orthographic":false}