{"cameraMode":{"drawMode":0,"name":"Shaded","section":"Shading Mode"},"sceneLighting":true,"audioPlay":false,"sceneViewState":{"m_AlwaysRefresh":false,"showFog":true,"showSkybox":true,"showFlares":true,"showImageEffects":true,"showParticleSystems":true,"showVisualEffectGraphs":true,"m_FxEnabled":true},"in2DMode":false,"pivot":{"x":563.3772583007813,"y":368.27520751953127,"z":-236.21646118164063},"rotation":{"x":0.06295767426490784,"y":0.0044911946170032028,"z":-0.0002832669415511191,"w":0.9980036020278931},"size":93.6097412109375,"orthographic":false}