{"cameraMode":{"drawMode":0,"name":"Shaded","section":"Shading Mode"},"sceneLighting":true,"audioPlay":false,"sceneViewState":{"m_AlwaysRefresh":false,"showFog":true,"showSkybox":true,"showFlares":true,"showImageEffects":true,"showParticleSystems":true,"showVisualEffectGraphs":true,"m_FxEnabled":true},"in2DMode":false,"pivot":{"x":-0.7589073181152344,"y":-0.9945192337036133,"z":27.14627456665039},"rotation":{"x":0.14017926156520844,"y":0.15878020226955415,"z":-0.02278052270412445,"w":0.9770466685295105},"size":16.85751724243164,"orthographic":false}