{"cameraMode":{"drawMode":0,"name":"Shaded","section":"Shading Mode"},"sceneLighting":true,"audioPlay":false,"sceneViewState":{"m_AlwaysRefresh":false,"showFog":true,"showSkybox":true,"showFlares":true,"showImageEffects":true,"showParticleSystems":true,"showVisualEffectGraphs":true,"m_FxEnabled":true},"in2DMode":false,"pivot":{"x":228.79884338378907,"y":145.48023986816407,"z":106.61163330078125},"rotation":{"x":-0.030717426910996438,"y":-0.6816954612731934,"z":0.02862798422574997,"w":-0.7304832935333252},"size":9.357841491699219,"orthographic":false}