{"cameraMode":{"drawMode":0,"name":"Shaded","section":"Shading Mode"},"sceneLighting":true,"audioPlay":false,"sceneViewState":{"m_AlwaysRefresh":false,"showFog":true,"showSkybox":true,"showFlares":true,"showImageEffects":true,"showParticleSystems":true,"showVisualEffectGraphs":true,"m_FxEnabled":true},"in2DMode":false,"pivot":{"x":-122.11524200439453,"y":161.63165283203126,"z":140.03363037109376},"rotation":{"x":-0.06058591231703758,"y":-0.5090247988700867,"z":0.03593974933028221,"w":-0.8578912615776062},"size":72.21517944335938,"orthographic":true}