{"cameraMode":{"drawMode":0,"name":"Shaded","section":"Shading Mode"},"sceneLighting":true,"audioPlay":false,"sceneViewState":{"m_AlwaysRefresh":false,"showFog":true,"showSkybox":true,"showFlares":true,"showImageEffects":true,"showParticleSystems":true,"showVisualEffectGraphs":true,"m_FxEnabled":true},"in2DMode":false,"pivot":{"x":-164.64578247070313,"y":152.30677795410157,"z":158.0010986328125},"rotation":{"x":-0.07808024436235428,"y":-0.26154792308807375,"z":0.02122488059103489,"w":-0.9618158936500549},"size":5.155767440795898,"orthographic":true}