{"cameraMode":{"drawMode":0,"name":"Shaded","section":"Shading Mode"},"sceneLighting":true,"audioPlay":false,"sceneViewState":{"m_AlwaysRefresh":false,"showFog":true,"showSkybox":true,"showFlares":true,"showImageEffects":true,"showParticleSystems":true,"showVisualEffectGraphs":true,"m_FxEnabled":true},"in2DMode":false,"pivot":{"x":9.305768966674805,"y":-0.04575157165527344,"z":31.881805419921876},"rotation":{"x":0.05992846563458443,"y":0.034431204199790958,"z":-0.002068383153527975,"w":0.9976063370704651},"size":26.284103393554689,"orthographic":false}