{"cameraMode":{"drawMode":0,"name":"Shaded","section":"Shading Mode"},"sceneLighting":true,"audioPlay":false,"sceneViewState":{"m_AlwaysRefresh":false,"showFog":true,"showSkybox":true,"showFlares":true,"showImageEffects":true,"showParticleSystems":true,"showVisualEffectGraphs":true,"m_FxEnabled":true},"in2DMode":false,"pivot":{"x":-164.17547607421876,"y":154.04612731933595,"z":156.67227172851563},"rotation":{"x":-0.09919918328523636,"y":-0.48632997274398806,"z":0.05567819997668266,"w":-0.8663668036460877},"size":49.31686019897461,"orthographic":true}