{"cameraMode":{"drawMode":0,"name":"Shaded","section":"Shading Mode"},"sceneLighting":true,"audioPlay":false,"sceneViewState":{"m_AlwaysRefresh":false,"showFog":true,"showSkybox":true,"showFlares":true,"showImageEffects":true,"showParticleSystems":true,"showVisualEffectGraphs":true,"m_FxEnabled":true},"in2DMode":false,"pivot":{"x":453.86981201171877,"y":101.89494323730469,"z":848.4326782226563},"rotation":{"x":-0.09430719166994095,"y":-0.033437080681324008,"z":0.00317153288051486,"w":-0.9949890375137329},"size":727.3859252929688,"orthographic":false}