{"cameraMode":{"drawMode":0,"name":"Shaded","section":"Shading Mode"},"sceneLighting":true,"audioPlay":false,"sceneViewState":{"m_AlwaysRefresh":false,"showFog":true,"showSkybox":true,"showFlares":true,"showImageEffects":true,"showParticleSystems":true,"showVisualEffectGraphs":true,"m_FxEnabled":true},"in2DMode":false,"pivot":{"x":66.28358459472656,"y":-7.013885498046875,"z":27.101699829101564},"rotation":{"x":0.05992846563458443,"y":0.034431204199790958,"z":-0.002068383153527975,"w":0.9976063370704651},"size":316.5748291015625,"orthographic":false}