{"cameraMode":{"drawMode":0,"name":"Shaded","section":"Shading Mode"},"sceneLighting":true,"audioPlay":false,"sceneViewState":{"m_AlwaysRefresh":false,"showFog":true,"showSkybox":true,"showFlares":true,"showImageEffects":true,"showParticleSystems":true,"showVisualEffectGraphs":true,"m_FxEnabled":true},"in2DMode":false,"pivot":{"x":-8.71087646484375,"y":0.20083045959472657,"z":-9.805856704711914},"rotation":{"x":0.17504049837589265,"y":-0.20653566718101502,"z":0.03758341073989868,"w":0.9619221687316895},"size":45.572837829589847,"orthographic":false}