{"cameraMode":{"drawMode":0,"name":"Shaded","section":"Shading Mode"},"sceneLighting":true,"audioPlay":false,"sceneViewState":{"m_AlwaysRefresh":false,"showFog":true,"showSkybox":true,"showFlares":true,"showImageEffects":true,"showParticleSystems":true,"showVisualEffectGraphs":true,"m_FxEnabled":true},"in2DMode":false,"pivot":{"x":202.03890991210938,"y":124.38811492919922,"z":99.7387924194336},"rotation":{"x":0.004253292456269264,"y":-0.9944183230400086,"z":0.09575831145048142,"w":0.04417913407087326},"size":57.61258316040039,"orthographic":false}