{"cameraMode":{"drawMode":0,"name":"Shaded","section":"Shading Mode"},"sceneLighting":true,"audioPlay":false,"sceneViewState":{"m_AlwaysRefresh":false,"showFog":true,"showSkybox":true,"showFlares":true,"showImageEffects":true,"showParticleSystems":true,"showVisualEffectGraphs":true,"m_FxEnabled":true},"in2DMode":false,"pivot":{"x":8.712244033813477,"y":1.9579715728759766,"z":24.49970245361328},"rotation":{"x":0.08089111745357514,"y":-0.022424137219786645,"z":0.0018203280633315445,"w":0.9964682459831238},"size":23.259824752807618,"orthographic":false}