{"cameraMode":{"drawMode":0,"name":"Shaded","section":"Shading Mode"},"sceneLighting":true,"audioPlay":false,"sceneViewState":{"m_AlwaysRefresh":false,"showFog":true,"showSkybox":true,"showFlares":true,"showImageEffects":true,"showParticleSystems":true,"showVisualEffectGraphs":true,"m_FxEnabled":true},"in2DMode":false,"pivot":{"x":-134.682373046875,"y":157.65267944335938,"z":159.92555236816407},"rotation":{"x":0.02647022344172001,"y":-0.7076705694198608,"z":0.026550285518169404,"w":0.7055507302284241},"size":8.331777572631836,"orthographic":false}